ID, class
0, 3
1, 10
2, 3
3, 9
4, 6
5, 3
6, 3
7, 4
8, 3
9, 2
10, 1
11, 0
12, 5
13, 10
14, 5
15, 4
16, 9
17, 3
18, 5
19, 9
20, 3
21, 5
22, 3
23, 3
24, 1
25, 3
26, 10
27, 4
28, 5
29, 3
30, 5
31, 5
32, 3
33, 4
34, 2
35, 2
36, 5
37, 10
38, 10
39, 3
40, 6
41, 2
42, 2
43, 6
44, 5
45, 1
46, 10
47, 3
48, 10
49, 9
50, 10
51, 1
52, 3
53, 3
54, 4
55, 8
56, 6
57, 1
58, 6
59, 9
60, 5
61, 8
62, 6
63, 3
64, 10
65, 1
66, 3
67, 1
68, 2
69, 10
70, 2
71, 6
72, 6
73, 5
74, 5
75, 6
76, 4
77, 1
78, 2
79, 9
80, 0
81, 3
82, 9
83, 8
84, 3
85, 3
86, 0
87, 4
88, 8
89, 6
90, 2
91, 5
92, 3
93, 5
94, 6
95, 6
96, 3
97, 2
98, 6
99, 10
100, 2
101, 2
102, 8
103, 5
104, 4
105, 9
106, 6
107, 5
108, 9
109, 3
110, 5
111, 5
112, 3
113, 3
114, 9
115, 4
116, 6
117, 7
118, 9
119, 3
120, 3
121, 2
122, 3
123, 5
124, 3
125, 2
126, 6
127, 5
128, 10
129, 9
130, 5
131, 2
132, 10
133, 1
134, 1
135, 3
136, 3
137, 10
138, 3
139, 3
140, 8
141, 10
142, 5
143, 5
144, 3
145, 0
146, 3
147, 5
148, 2
149, 5
150, 2
151, 1
152, 6
153, 10
154, 10
155, 1
156, 1
157, 1
158, 8
159, 2
160, 5
161, 1
162, 5
163, 5
164, 5
165, 10
166, 8
167, 8
168, 3
169, 9
170, 10
171, 1
172, 4
173, 4
174, 1
175, 2
176, 2
177, 10
178, 8
179, 4
180, 1
181, 4
182, 9
183, 6
184, 3
185, 9
186, 10
187, 4
188, 2
189, 4
190, 1
191, 3
192, 3
193, 4
194, 7
195, 4
196, 8
197, 9
198, 9
199, 1
200, 9
201, 10
202, 5
203, 7
204, 4
205, 4
206, 7
207, 9
208, 10
209, 2
210, 3
211, 2
212, 10
213, 2
214, 1
215, 2
216, 10
217, 1
218, 3
219, 5
220, 5
221, 2
222, 5
223, 6
224, 5
225, 5
226, 9
227, 9
228, 6
229, 3
230, 4
231, 2
232, 7
233, 4
234, 1
235, 2
236, 4
237, 10
238, 4
239, 9
240, 2
241, 3
242, 1
243, 4
244, 2
245, 5
246, 3
247, 9
248, 3
249, 9
250, 9
251, 3
252, 3
253, 3
254, 5
255, 9
256, 0
257, 9
258, 3
259, 0
260, 8
261, 8
262, 10
263, 10
264, 5
265, 9
266, 1
267, 3
268, 3
269, 9
270, 4
271, 3
272, 8
273, 4
274, 2
275, 9
276, 9
277, 2
278, 1
279, 4
280, 9
281, 1
282, 2
283, 0
284, 10
285, 0
286, 8
287, 4
288, 1
289, 10
290, 9
291, 4
292, 8
293, 10
294, 3
295, 6
296, 7
297, 4
298, 10
299, 5
300, 8
301, 9
302, 4
303, 1
304, 7
305, 10
306, 10
307, 8
308, 9
309, 3
310, 1
311, 3
312, 1
313, 8
314, 2
315, 3
316, 7
317, 3
318, 6
319, 1
320, 1
321, 1
322, 5
323, 1
324, 4
325, 3
326, 2
327, 6
328, 10
329, 4
330, 8
331, 0
332, 10
333, 9
334, 1
335, 6
336, 3
337, 3
338, 5
339, 10
340, 9
341, 6
342, 5
343, 3
344, 3
345, 5
346, 3
347, 6
348, 4
349, 9
350, 6
351, 8
352, 6
353, 10
354, 6
355, 1
356, 3
357, 10
358, 10
359, 9
360, 4
361, 5
362, 10
363, 2
364, 3
365, 5
366, 4
367, 10
368, 10
369, 4
370, 9
371, 4
372, 2
373, 10
374, 3
375, 3
376, 9
377, 9
378, 3
379, 5
380, 10
381, 7
382, 4
383, 9
384, 4
385, 3
386, 9
387, 10
388, 10
389, 3
390, 1
391, 0
392, 10
393, 10
394, 7
395, 3
396, 10
397, 8
398, 10
399, 1
400, 9
401, 3
402, 9
403, 4
404, 7
405, 3
406, 5
407, 5
408, 5
409, 4
410, 9
411, 7
412, 3
413, 7
414, 3
415, 7
416, 4
417, 6
418, 3
419, 4
420, 5
421, 4
422, 5
423, 10
424, 3
425, 3
426, 3
427, 6
428, 9
429, 10
430, 9
431, 2
432, 7
433, 5
434, 3
435, 2
436, 8
437, 10
438, 1
439, 1
440, 10
441, 4
442, 3
443, 2
444, 2
445, 3
446, 2
447, 10
448, 3
449, 2
450, 4
451, 9
452, 3
453, 2
454, 6
455, 6
456, 4
457, 4
458, 8
459, 7
460, 3
461, 9
462, 10
463, 10
464, 3
465, 1
466, 6
467, 7
468, 9
469, 0
470, 5
471, 3
472, 8
473, 8
474, 9
475, 4
476, 9
477, 1
478, 9
479, 6
480, 0
481, 4
482, 3
483, 1
484, 10
485, 5
486, 1
487, 9
488, 5
489, 9
490, 3
491, 4
492, 7
493, 2
494, 5
495, 5
496, 8
497, 2
498, 3
499, 10
500, 3
501, 1
502, 6
503, 1
504, 3
505, 6
506, 6
507, 8
508, 10
509, 10
510, 2
511, 6
512, 9
513, 4
514, 3
515, 2
516, 9
517, 9
518, 6
519, 3
520, 2
521, 3
522, 7
523, 1
524, 1
525, 2
526, 4
527, 1
528, 6
529, 3
530, 9
531, 1
532, 4
533, 3
534, 6
535, 10
536, 3
537, 4
538, 3
539, 10
540, 3
541, 1
542, 3
543, 3
544, 9
545, 1
546, 2
547, 5
548, 3
549, 6
550, 2
551, 2
552, 1
553, 6
554, 4
555, 3
556, 1
557, 1
558, 6
559, 5
560, 3
561, 5
562, 2
563, 8
564, 5
565, 4
566, 5
567, 1
568, 8
569, 3
570, 5
571, 3
572, 6
573, 5
574, 8
575, 4
576, 3
577, 3
578, 1
579, 1
580, 2
581, 2
582, 5
583, 9
584, 3
585, 7
586, 5
587, 3
588, 7
589, 5
590, 9
591, 4
592, 4
593, 5
594, 3
595, 3
596, 5
597, 3
598, 4
599, 3
600, 5
601, 7
602, 6
603, 6
604, 4
605, 9
606, 9
607, 4
608, 5
609, 3
610, 5
611, 3
612, 5
613, 8
614, 5
615, 10
616, 3
617, 9
618, 3
619, 9
620, 7
621, 3
622, 4
623, 5
624, 4
625, 3
626, 1
627, 5
628, 3
629, 6
630, 10
631, 3
632, 2
633, 2
634, 0
635, 3
636, 1
637, 1
638, 5
639, 4
640, 10
641, 0
642, 1
643, 8
644, 3
645, 4
646, 7
647, 5
648, 5
649, 3
650, 3
651, 10
652, 8
653, 5
654, 3
655, 5
656, 5
657, 8
658, 2
659, 3
660, 2
661, 6
662, 3
663, 9
664, 1
665, 1
666, 6
667, 5
668, 6
669, 4
670, 7
671, 9
672, 1
673, 6
674, 6
675, 5
676, 3
677, 2
678, 2
679, 2
680, 1
681, 1
682, 2
683, 4
684, 3
685, 0
686, 6
687, 4
688, 10
689, 6
690, 2
691, 9
692, 2
693, 5
694, 4
695, 4
696, 6
697, 8
698, 1
699, 1
700, 1
701, 2
702, 10
703, 0
704, 3
705, 10
706, 8
707, 2
708, 5
709, 9
710, 4
711, 8
712, 6
713, 9
714, 6
715, 4
716, 4
717, 2
718, 4
719, 9
720, 10
721, 6
722, 4
723, 10
724, 9
725, 4
726, 5
727, 3
728, 5
729, 4
730, 3
731, 1
732, 5
733, 5
734, 4
735, 3
736, 1
737, 2
738, 1
739, 7
740, 3
741, 3
742, 4
743, 3
744, 7
745, 2
746, 3
747, 0
748, 6
749, 8
750, 5
751, 1
752, 4
753, 6
754, 5
755, 3
756, 8
757, 10
758, 9
759, 10
760, 2
761, 2
762, 2
763, 8
764, 8
765, 1
766, 2
767, 9
768, 5
769, 10
770, 2
771, 4
772, 2
773, 2
774, 6
775, 1
776, 1
777, 5
778, 10
779, 4
780, 4
781, 3
782, 4
783, 3
784, 6
785, 4
786, 9
787, 0
788, 5
789, 10
790, 0
791, 8
792, 7
793, 9
794, 7
795, 2
796, 9
797, 1
798, 2
799, 2
800, 1
801, 1
802, 4
803, 8
804, 3
805, 4
806, 10
807, 8
808, 10
809, 3
810, 9
811, 9
812, 5
813, 9
814, 6
815, 4
816, 3
817, 3
818, 3
819, 3
820, 10
821, 3
822, 9
823, 10
824, 4
825, 3
826, 4
827, 4
828, 9
829, 0
830, 4
831, 1
832, 8
833, 1
834, 9
835, 3
836, 2
837, 3
838, 2
839, 3
840, 5
841, 10
842, 3
843, 3
844, 3
845, 2
846, 3
847, 10
848, 3
849, 1
850, 5
851, 9
852, 4
853, 3
854, 10
855, 10
856, 10
857, 10
858, 3
859, 5
860, 1
861, 1
862, 6
863, 3
864, 1
865, 4
866, 2
867, 4
868, 8
869, 3
870, 2
871, 7
872, 5
873, 9
874, 9
875, 3
876, 5
877, 9
878, 5
879, 10
880, 5
881, 5
882, 9
883, 6
884, 4
885, 9
886, 6
887, 4
888, 2
889, 4
890, 6
891, 3
892, 5
893, 9
894, 6
895, 2
896, 1
897, 5
898, 4
899, 9
900, 6
901, 10
902, 6
903, 1
904, 5
905, 1
906, 7
907, 5
908, 9
909, 3
910, 10
911, 6
912, 9
913, 2
914, 3
915, 3
916, 5
917, 1
918, 1
919, 6
920, 9
921, 3
922, 8
923, 9
924, 9
925, 2
926, 3
927, 4
928, 4
929, 9
930, 9
931, 2
932, 9
933, 4
934, 0
935, 1
936, 8
937, 2
938, 9
939, 1
940, 1
941, 3
942, 3
943, 10
944, 7
945, 10
946, 3
947, 3
948, 10
949, 1
950, 4
951, 1
952, 1
953, 9
954, 1
955, 2
956, 6
957, 7
958, 2
959, 9
960, 1
961, 3
962, 6
963, 3
964, 10
965, 6
966, 9
967, 5
968, 3
969, 4
970, 10
971, 9
972, 5
973, 5
974, 3
975, 2
976, 7
977, 5
978, 5
979, 4
980, 3
981, 7
982, 3
983, 3
984, 7
985, 1
986, 5
987, 5
988, 10
989, 9
990, 5
991, 7
992, 5
993, 7
994, 3
995, 7
996, 4
997, 5
998, 9
999, 4
1000, 9
1001, 5
1002, 10
1003, 7
1004, 3
1005, 7
1006, 3
1007, 2
1008, 1
1009, 2
1010, 5
1011, 1
1012, 6
1013, 5
1014, 4
1015, 10
1016, 4
1017, 2
1018, 10
1019, 9
1020, 8
1021, 9
1022, 5
1023, 8
1024, 9
1025, 2
1026, 10
1027, 3
1028, 10
1029, 5
1030, 7
1031, 4
1032, 6
1033, 1
1034, 1
1035, 10
1036, 6
1037, 5
1038, 5
1039, 8
1040, 9
1041, 8
1042, 9
1043, 2
1044, 2
1045, 3
1046, 1
1047, 5
1048, 4
1049, 9
1050, 3
1051, 9
1052, 9
1053, 3
1054, 8
1055, 9
1056, 6
1057, 5
1058, 3
1059, 9
1060, 10
1061, 10
1062, 5
1063, 3
1064, 9
1065, 2
1066, 4
1067, 10
1068, 9
1069, 4
1070, 3
1071, 7
1072, 1
1073, 2
1074, 10
1075, 4
1076, 5
1077, 5
1078, 3
1079, 6
1080, 5
1081, 5
1082, 6
1083, 4
1084, 4
1085, 3
1086, 3
1087, 4
1088, 1
1089, 2
1090, 1
1091, 4
1092, 1
1093, 6
1094, 8
1095, 1
1096, 10
1097, 2
1098, 3
1099, 3
1100, 1
1101, 1
1102, 5
1103, 4
1104, 6
1105, 3
1106, 9
1107, 10
1108, 3
1109, 9
1110, 5
1111, 9
1112, 5
1113, 5
1114, 6
1115, 3
1116, 4
1117, 5
1118, 2
1119, 6
1120, 6
1121, 0
1122, 7
1123, 3
1124, 3
1125, 1
1126, 6
1127, 3
1128, 1
1129, 4
1130, 1
1131, 4
1132, 2
1133, 3
1134, 4
1135, 8
1136, 6
1137, 4
1138, 1
1139, 7
1140, 8
1141, 3
1142, 6
1143, 5
1144, 9
1145, 3
1146, 4
1147, 10
1148, 3
1149, 10
1150, 3
1151, 6
1152, 3
1153, 4
1154, 1
1155, 9
1156, 5
1157, 3
1158, 2
1159, 1
1160, 9
1161, 5
1162, 9
1163, 9
1164, 0
1165, 2
1166, 5
1167, 5
1168, 3
1169, 5
1170, 4
1171, 2
1172, 7
1173, 2
1174, 8
1175, 3
1176, 10
1177, 1
1178, 1
1179, 4
1180, 1
1181, 6
1182, 8
1183, 3
1184, 1
1185, 6
1186, 6
1187, 3
1188, 5
1189, 9
1190, 7
1191, 10
1192, 5
1193, 5
1194, 10
1195, 3
1196, 9
1197, 5
1198, 0
1199, 0
1200, 1
1201, 0
1202, 3
1203, 3
1204, 6
1205, 6
1206, 8
1207, 9
1208, 9
1209, 3
1210, 1
1211, 10
1212, 5
1213, 10
1214, 5
1215, 8
1216, 8
1217, 10
1218, 6
1219, 9
1220, 10
1221, 5
1222, 4
1223, 1
1224, 4
1225, 6
1226, 10
1227, 6
1228, 1
1229, 4
1230, 2
1231, 3
1232, 10
1233, 6
1234, 5
1235, 3
1236, 4
1237, 3
1238, 4
1239, 9
1240, 2
1241, 3
1242, 5
1243, 1
1244, 2
1245, 8
1246, 4
1247, 5
1248, 3
1249, 5
1250, 8
1251, 9
1252, 10
1253, 5
1254, 5
1255, 10
1256, 4
1257, 10
1258, 5
1259, 1
1260, 1
1261, 3
1262, 3
1263, 0
1264, 4
1265, 9
1266, 5
1267, 10
1268, 10
1269, 3
1270, 2
1271, 2
1272, 0
1273, 4
1274, 1
1275, 1
1276, 5
1277, 4
1278, 10
1279, 1
1280, 1
1281, 1
1282, 9
1283, 5
1284, 3
1285, 9
1286, 1
1287, 9
1288, 10
1289, 3
1290, 8
1291, 8
1292, 5
1293, 5
1294, 3
1295, 4
1296, 3
1297, 4
1298, 9
1299, 2
1300, 9
1301, 8
1302, 5
1303, 4
1304, 3
1305, 9
1306, 1
1307, 1
1308, 1
1309, 4
1310, 10
1311, 3
1312, 4
1313, 1
1314, 10
1315, 3
1316, 0
1317, 10
1318, 5
1319, 10
1320, 1
1321, 6
1322, 3
1323, 9
1324, 4
1325, 2
1326, 0
1327, 4
1328, 4
1329, 3
1330, 10
1331, 4
1332, 8
1333, 1
1334, 5
1335, 4
1336, 8
1337, 1
1338, 4
1339, 1
1340, 2
1341, 1
1342, 4
1343, 3
1344, 3
1345, 7
1346, 3
1347, 7
1348, 10
1349, 3
1350, 3
1351, 5
1352, 1
1353, 3
1354, 9
1355, 3
1356, 5
1357, 6
1358, 1
1359, 2
1360, 6
1361, 9
1362, 5
1363, 5
1364, 10
1365, 7
1366, 6
1367, 2
1368, 1
1369, 9
1370, 8
1371, 4
1372, 6
1373, 3
1374, 9
1375, 4
1376, 10
1377, 8
1378, 3
1379, 8
1380, 4
1381, 3
1382, 9
1383, 3
1384, 5
1385, 4
1386, 4
1387, 8
1388, 9
1389, 8
1390, 10
1391, 5
1392, 2
1393, 5
1394, 2
1395, 2
1396, 10
1397, 10
1398, 8
1399, 1
1400, 8
1401, 9
1402, 9
1403, 5
1404, 9
1405, 4
1406, 10
1407, 4
1408, 8
1409, 2
1410, 3
1411, 4
1412, 3
1413, 2
1414, 8
1415, 2
1416, 10
1417, 0
1418, 3
1419, 6
1420, 6
1421, 6
1422, 1
1423, 3
1424, 10
1425, 2
1426, 3
1427, 7
1428, 5
1429, 2
1430, 0
1431, 6
1432, 5
1433, 2
1434, 8
1435, 6
1436, 5
1437, 6
1438, 5
1439, 5
1440, 9
1441, 3
1442, 1
1443, 8
1444, 10
1445, 2
1446, 5
1447, 10
1448, 3
1449, 0
1450, 3
1451, 4
1452, 4
1453, 9
1454, 3
1455, 3
1456, 9
1457, 3
1458, 1
1459, 4
1460, 2
1461, 5
1462, 2
1463, 2
1464, 4
1465, 5
1466, 2
1467, 9
1468, 3
1469, 2
1470, 2
1471, 1
1472, 2
1473, 5
1474, 7
1475, 10
1476, 9
1477, 5
1478, 3
1479, 6
1480, 9
1481, 5
1482, 9
1483, 9
1484, 4
1485, 5
1486, 4
1487, 3
1488, 0
1489, 6
1490, 3
1491, 8
1492, 5
1493, 0
1494, 10
1495, 9
1496, 9
1497, 1
1498, 4
1499, 10
1500, 4
1501, 6
1502, 8
1503, 9
1504, 1
1505, 9
1506, 2
1507, 3
1508, 2
1509, 4
1510, 3
1511, 10
1512, 1
1513, 3
1514, 5
1515, 9
1516, 10
1517, 5
1518, 5
1519, 2
1520, 5
1521, 3
1522, 6
1523, 2
1524, 9
1525, 5
1526, 3
1527, 4
1528, 8
1529, 1
1530, 10
1531, 2
1532, 4
1533, 3
1534, 10
1535, 1
1536, 3
1537, 5
1538, 1
1539, 4
1540, 9
1541, 6
1542, 4
1543, 6
1544, 6
1545, 6
1546, 9
1547, 10
1548, 10
1549, 4
1550, 2
1551, 8
1552, 6
1553, 3
1554, 6
1555, 4
1556, 4
1557, 9
1558, 6
1559, 9
1560, 3
1561, 1
1562, 3
1563, 4
1564, 7
1565, 6
1566, 9
1567, 3
1568, 2
1569, 9
1570, 1
1571, 5
1572, 10
1573, 10
1574, 10
1575, 4
1576, 9
1577, 1
1578, 1
1579, 7
1580, 9
1581, 6
1582, 1
1583, 4
1584, 8
1585, 3
1586, 4
1587, 6
1588, 2
1589, 4
1590, 2
1591, 10
1592, 5
1593, 10
1594, 8
1595, 4
1596, 2
1597, 7
1598, 3
1599, 10
1600, 2
1601, 4
1602, 2
1603, 1
1604, 5
1605, 8
1606, 3
1607, 4
1608, 3
1609, 6
1610, 1
1611, 0
1612, 9
1613, 3
1614, 3
1615, 4
1616, 3
1617, 2
1618, 1
1619, 5
1620, 8
1621, 0
1622, 1
1623, 3
1624, 10
1625, 10
1626, 3
1627, 3
1628, 9
1629, 1
1630, 5
1631, 3
1632, 5
1633, 1
1634, 3
1635, 3
1636, 3
1637, 3
1638, 5
1639, 1
1640, 5
1641, 1
1642, 5
1643, 3
1644, 4
1645, 2
1646, 1
1647, 9
1648, 1
1649, 8
1650, 6
1651, 5
1652, 5
1653, 7
1654, 9
1655, 10
1656, 1
1657, 3
1658, 5
1659, 1
1660, 2
1661, 9
1662, 1
1663, 5
1664, 4
1665, 0
1666, 10
1667, 3
1668, 3
1669, 4
1670, 9
1671, 8
1672, 6
1673, 5
1674, 9
1675, 3
1676, 3
1677, 7
1678, 5
1679, 3
1680, 3
1681, 9
1682, 4
1683, 3
1684, 5
1685, 10
1686, 2
1687, 4
1688, 2
1689, 10
1690, 5
1691, 2
1692, 5
1693, 9
1694, 5
1695, 9
1696, 8
1697, 9
1698, 9
1699, 6
1700, 3
1701, 9
1702, 5
1703, 4
1704, 5
1705, 8
1706, 3
1707, 10
1708, 3
1709, 6
1710, 4
1711, 10
1712, 5
1713, 4
1714, 4
1715, 2
1716, 3
1717, 5
1718, 9
1719, 5
1720, 3
1721, 7
1722, 4
1723, 4
1724, 1
1725, 1
1726, 3
1727, 10
1728, 3
1729, 3
1730, 1
1731, 2
1732, 9
1733, 2
1734, 0
1735, 6
1736, 1
1737, 6
1738, 3
1739, 8
1740, 5
1741, 6
1742, 9
1743, 9
1744, 10
1745, 0
1746, 10
1747, 4
1748, 9
1749, 9
1750, 0
1751, 5
1752, 3
1753, 3
1754, 1
1755, 5
1756, 3
1757, 9
1758, 3
1759, 1
1760, 3
1761, 4
1762, 1
1763, 6
1764, 3
1765, 9
1766, 1
1767, 5
1768, 4
1769, 5
1770, 5
1771, 5
1772, 7
1773, 10
1774, 3
1775, 5
1776, 4
1777, 9
1778, 3
1779, 3
1780, 3
1781, 8
1782, 5
1783, 9
1784, 9
1785, 7
1786, 2
1787, 3
1788, 4
1789, 5
1790, 1
1791, 3
1792, 2
1793, 1
1794, 6
1795, 1
1796, 5
1797, 2
1798, 5
1799, 3
1800, 1
1801, 1
1802, 3
1803, 8
1804, 6
1805, 1
1806, 9
1807, 2
1808, 9
1809, 3
1810, 6
1811, 4
1812, 4
1813, 9
1814, 10
1815, 1
1816, 5
1817, 4
1818, 5
1819, 6
1820, 9
1821, 10
1822, 2
1823, 9
1824, 9
1825, 1
1826, 1
1827, 2
1828, 3
1829, 4
1830, 5
1831, 2
1832, 1
1833, 2
1834, 6
1835, 3
1836, 3
1837, 9
1838, 6
1839, 2
1840, 4
1841, 4
1842, 9
1843, 10
1844, 1
1845, 5
1846, 0
1847, 2
1848, 3
1849, 1
1850, 2
1851, 5
1852, 4
1853, 4
1854, 7
1855, 1
1856, 7
1857, 7
1858, 1
1859, 6
1860, 5
1861, 2
1862, 1
1863, 3
1864, 8
1865, 3
1866, 3
1867, 5
1868, 1
1869, 3
1870, 1
1871, 5
1872, 6
1873, 10
1874, 0
1875, 10
1876, 8
1877, 4
1878, 4
1879, 6
1880, 0
1881, 5
1882, 5
1883, 3
1884, 4
1885, 4
1886, 9
1887, 6
1888, 10
1889, 1
1890, 4
1891, 1
1892, 9
1893, 7
1894, 1
1895, 3
1896, 3
1897, 9
1898, 6
1899, 10
1900, 4
1901, 3
1902, 3
1903, 6
1904, 8
1905, 2
1906, 3
1907, 5
1908, 1
1909, 4
1910, 10
1911, 3
1912, 3
1913, 9
1914, 9
1915, 9
1916, 6
1917, 5
1918, 8
1919, 3
1920, 8
1921, 10
1922, 10
1923, 3
1924, 4
1925, 5
1926, 1
1927, 3
1928, 5
1929, 3
1930, 5
1931, 10
1932, 4
1933, 2
1934, 5
1935, 8
1936, 10
1937, 0
1938, 7
1939, 3
1940, 6
1941, 3
1942, 2
1943, 9
1944, 4
1945, 9
1946, 6
1947, 7
1948, 10
1949, 5
1950, 1
1951, 5
1952, 6
1953, 6
1954, 3
1955, 2
1956, 2
1957, 3
1958, 9
1959, 2
1960, 9
1961, 10
1962, 3
1963, 3
1964, 1
1965, 10
1966, 5
1967, 5
1968, 6
1969, 2
1970, 6
1971, 2
1972, 5
1973, 0
1974, 7
1975, 1
1976, 9
1977, 10
1978, 9
1979, 6
1980, 5
1981, 7
1982, 3
1983, 4
1984, 7
1985, 1
1986, 4
1987, 0
1988, 0
1989, 0
1990, 1
1991, 1
1992, 10
1993, 7
1994, 5
1995, 7
1996, 3
1997, 4
1998, 2
1999, 7
2000, 5
2001, 5
2002, 6
2003, 5
2004, 4
2005, 2
2006, 10
2007, 9
2008, 9
2009, 5
2010, 1
2011, 3
2012, 7
2013, 6
2014, 6
2015, 2
2016, 4
2017, 3
2018, 9
2019, 4
2020, 6
2021, 6
2022, 4
2023, 9
2024, 4
2025, 2
2026, 4
2027, 3
2028, 10
2029, 6
2030, 4
2031, 10
2032, 10
2033, 4
2034, 0
2035, 0
2036, 5
2037, 6
2038, 5
2039, 4
2040, 3
2041, 2
2042, 0
2043, 6
2044, 5
2045, 4
2046, 5
2047, 2
2048, 2
2049, 9
2050, 3
2051, 3
2052, 3
2053, 2
2054, 4
2055, 4
2056, 0
2057, 3
2058, 2
2059, 9
2060, 4
2061, 3
2062, 10
2063, 3
2064, 10
2065, 1
2066, 5
2067, 9
2068, 3
2069, 3
2070, 3
2071, 1
2072, 5
2073, 9
2074, 9
2075, 3
2076, 8
2077, 6
2078, 6
2079, 6
2080, 1
2081, 9
2082, 5
2083, 2
2084, 1
2085, 5
2086, 9
2087, 2
2088, 3
2089, 6
2090, 3
2091, 3
2092, 3
2093, 1
2094, 6
2095, 8
2096, 5
2097, 5
2098, 7
2099, 10
2100, 1
2101, 5
2102, 3
2103, 5
2104, 2
2105, 8
2106, 5
2107, 3
2108, 3
2109, 5
2110, 3
2111, 1
2112, 1
2113, 9
2114, 5
2115, 8
2116, 4
2117, 5
2118, 10
2119, 10
2120, 9
2121, 3
2122, 9
2123, 10
2124, 5
2125, 0
2126, 5
2127, 4
2128, 7
2129, 10
2130, 6
2131, 3
2132, 9
2133, 10
2134, 0
2135, 5
2136, 8
2137, 6
2138, 6
2139, 1
2140, 3
2141, 3
2142, 4
2143, 3
2144, 6
2145, 4
2146, 9
2147, 3
2148, 1
2149, 8
2150, 1
2151, 9
2152, 8
2153, 3
2154, 4
2155, 3
2156, 2
2157, 3
2158, 5
2159, 5
2160, 6
2161, 3
2162, 4
2163, 3
2164, 10
2165, 3
2166, 1
2167, 10
2168, 6
2169, 4
2170, 5
2171, 6
2172, 9
2173, 4
2174, 10
2175, 4
2176, 2
2177, 6
2178, 1
2179, 9
2180, 1
2181, 8
2182, 1
2183, 5
2184, 9
2185, 1
2186, 7
2187, 3
2188, 4
2189, 4
2190, 10
2191, 9
2192, 5
2193, 1
2194, 1
2195, 2
2196, 9
2197, 8
2198, 4
2199, 2
2200, 4
2201, 2
2202, 4
2203, 5
2204, 4
2205, 9
2206, 4
2207, 2
2208, 1
2209, 5
2210, 2
2211, 10
2212, 4
2213, 4
2214, 2
2215, 3
2216, 4
2217, 5
2218, 8
2219, 9
2220, 1
2221, 3
2222, 9
2223, 1
2224, 5
2225, 1
2226, 2
2227, 1
2228, 10
2229, 5
2230, 3
2231, 9
2232, 3
2233, 8
2234, 6
2235, 6
2236, 10
2237, 2
2238, 3
2239, 4
2240, 10
2241, 1
2242, 0
2243, 2
2244, 9
2245, 9
2246, 1
2247, 2
2248, 2
2249, 10
2250, 6
2251, 4
2252, 3
2253, 6
2254, 2
2255, 10
2256, 1
2257, 4
2258, 1
2259, 3
2260, 4
2261, 9
2262, 3
2263, 4
2264, 10
2265, 4
2266, 10
2267, 7
2268, 10
2269, 2
2270, 10
2271, 2
2272, 3
2273, 7
2274, 8
2275, 9
2276, 3
2277, 10
2278, 4
2279, 8
2280, 0
2281, 9
2282, 8
2283, 3
2284, 3
2285, 3
2286, 8
2287, 3
2288, 9
2289, 8
2290, 2
2291, 5
2292, 10
2293, 3
2294, 1
2295, 8
2296, 7
2297, 5
2298, 2
2299, 2
2300, 4
2301, 6
2302, 1
2303, 4
2304, 9
2305, 1
2306, 3
2307, 3
2308, 10
2309, 3
2310, 5
2311, 3
2312, 5
2313, 9
2314, 2
2315, 10
2316, 2
2317, 1
2318, 3
2319, 9
2320, 2
2321, 5
2322, 3
2323, 8
2324, 9
2325, 10
2326, 2
2327, 9
2328, 1
2329, 6
2330, 5
2331, 1
2332, 0
2333, 3
2334, 4
2335, 3
2336, 9
2337, 9
2338, 3
2339, 5
2340, 10
2341, 6
2342, 5
2343, 3
2344, 5
2345, 1
2346, 10
2347, 4
2348, 5
2349, 3
2350, 8
2351, 7
2352, 6
2353, 4
2354, 9
2355, 3
2356, 4
2357, 6
2358, 1
2359, 3
2360, 1
2361, 7
2362, 10
2363, 6
2364, 3
2365, 6
2366, 4
2367, 7
2368, 6
2369, 3
2370, 2
2371, 9
2372, 5
2373, 10
2374, 5
2375, 2
2376, 3
2377, 8
2378, 9
2379, 2
2380, 3
2381, 6
2382, 7
2383, 4
2384, 3
2385, 4
2386, 5
2387, 4
2388, 3
2389, 3
2390, 3
2391, 4
2392, 4
2393, 3
2394, 2
2395, 5
2396, 3
2397, 3
2398, 5
2399, 3
2400, 5
2401, 4
2402, 3
2403, 5
2404, 1
2405, 10
2406, 2
2407, 4
2408, 6
2409, 3
2410, 5
2411, 5
2412, 8
2413, 9
2414, 8
2415, 2
2416, 8
2417, 3
2418, 2
2419, 2
2420, 4
2421, 2
2422, 9
2423, 3
2424, 9
2425, 7
2426, 10
2427, 6
2428, 4
2429, 6
2430, 9
2431, 4
2432, 2
2433, 6
2434, 5
2435, 8
2436, 4
2437, 3
2438, 2
2439, 9
2440, 8
2441, 4
2442, 10
2443, 4
2444, 4
2445, 1
2446, 5
2447, 8
2448, 0
2449, 5
2450, 6
2451, 8
2452, 6
2453, 7
2454, 1
2455, 7
2456, 3
2457, 10
2458, 4
2459, 1
2460, 10
2461, 3
2462, 5
2463, 8
2464, 9
2465, 1
2466, 9
2467, 8
2468, 3
2469, 1
2470, 9
2471, 6
2472, 4
2473, 2
2474, 8
2475, 1
2476, 7
2477, 4
2478, 3
2479, 3
2480, 4
2481, 5
2482, 1
2483, 2
2484, 10
2485, 7
2486, 10
2487, 1
2488, 3
2489, 6
2490, 4
2491, 9
2492, 5
2493, 6
2494, 1
2495, 5
2496, 9
2497, 2
2498, 7
2499, 2
2500, 3
2501, 10
2502, 5
2503, 5
2504, 5
2505, 9
2506, 3
2507, 4
2508, 3
2509, 8
2510, 10
2511, 2
2512, 3
2513, 4
2514, 3
2515, 4
2516, 4
2517, 5
2518, 6
2519, 3
2520, 3
2521, 5
2522, 3
2523, 4
2524, 9
2525, 5
2526, 9
2527, 5
2528, 4
2529, 8
2530, 2
2531, 4
2532, 9
2533, 5
2534, 10
2535, 4
2536, 3
2537, 5
2538, 9
2539, 6
2540, 3
2541, 2
2542, 1
2543, 2
2544, 3
2545, 4
2546, 4
2547, 3
2548, 1
2549, 10
2550, 10
2551, 9
2552, 8
2553, 2
2554, 8
2555, 5
2556, 1
2557, 10
2558, 3
2559, 4
2560, 2
2561, 4
2562, 7
2563, 3
2564, 9
2565, 8
2566, 3
2567, 5
2568, 2
2569, 5
2570, 2
2571, 10
2572, 3
2573, 5
2574, 9
2575, 3
2576, 5
2577, 3
2578, 10
2579, 5
2580, 1
2581, 3
2582, 1
2583, 9
2584, 6
2585, 0
2586, 9
2587, 4
2588, 1
2589, 1
2590, 6
2591, 0
2592, 1
2593, 5
2594, 0
2595, 10
2596, 8
2597, 1
2598, 3
2599, 2
2600, 10
2601, 7
2602, 1
2603, 7
2604, 1
2605, 3
2606, 3
2607, 6
2608, 5
2609, 10
2610, 4
2611, 4
2612, 3
2613, 5
2614, 5
2615, 5
2616, 1
2617, 5
2618, 6
2619, 3
2620, 3
2621, 6
2622, 5
2623, 5
2624, 8
2625, 9
2626, 9
2627, 9
2628, 6
2629, 1
2630, 1
2631, 1
2632, 10
2633, 2
2634, 5
2635, 7
2636, 4
2637, 7
2638, 5
2639, 9
2640, 2
2641, 5
2642, 8
2643, 4
2644, 10
2645, 7
2646, 5
2647, 2
2648, 1
2649, 3
2650, 4
2651, 3
2652, 6
2653, 3
2654, 10
2655, 10
2656, 2
2657, 10
2658, 1
2659, 9
2660, 1
2661, 7
2662, 6
2663, 9
2664, 9
2665, 6
2666, 5
2667, 10
2668, 9
2669, 6
2670, 9
2671, 3
2672, 6
2673, 2
2674, 2
2675, 5
2676, 1
2677, 7
2678, 4
2679, 0
2680, 4
2681, 3
2682, 10
2683, 10
2684, 9
2685, 3
2686, 6
2687, 2
2688, 5
2689, 2
2690, 9
2691, 5
2692, 3
2693, 6
2694, 3
2695, 4
2696, 5
2697, 6
2698, 4
2699, 10
2700, 6
2701, 5
2702, 5
2703, 3
2704, 10
2705, 1
2706, 3
2707, 9
2708, 3
2709, 5
2710, 9
2711, 3
2712, 3
2713, 3
2714, 10
2715, 9
2716, 5
2717, 0
2718, 3
2719, 5
2720, 9
2721, 10
2722, 5
2723, 6
2724, 4
2725, 4
2726, 3
2727, 9
2728, 1
2729, 8
2730, 5
2731, 4
2732, 3
2733, 3
2734, 9
2735, 9
2736, 0
2737, 10
2738, 9
2739, 2
2740, 3
2741, 1
2742, 9
2743, 5
2744, 7
2745, 3
2746, 8
2747, 4
2748, 10
2749, 2
2750, 10
2751, 4
2752, 5
2753, 1
2754, 5
2755, 3
2756, 5
2757, 2
2758, 2
2759, 10
2760, 9
2761, 1
2762, 4
2763, 3
2764, 3
2765, 4
2766, 6
2767, 4
2768, 10
2769, 3
2770, 6
2771, 9
2772, 4
2773, 3
2774, 4
2775, 4
2776, 5
2777, 4
2778, 1
2779, 3
2780, 10
2781, 10
2782, 9
2783, 8
2784, 4
2785, 2
2786, 2
2787, 1
2788, 6
2789, 2
2790, 8
2791, 6
2792, 2
2793, 8
2794, 4
2795, 3
2796, 4
2797, 3
2798, 10
2799, 9
2800, 5
2801, 0
2802, 9
2803, 1
2804, 3
2805, 7
2806, 10
2807, 10
2808, 5
2809, 1
2810, 9
2811, 5
2812, 8
2813, 3
2814, 2
2815, 10
2816, 9
2817, 4
2818, 4
2819, 2
2820, 5
2821, 2
2822, 1
2823, 10
2824, 2
2825, 5
2826, 3
2827, 4
2828, 1
2829, 5
2830, 6
2831, 9
2832, 0
2833, 4
2834, 3
2835, 9
2836, 1
2837, 4
2838, 5
2839, 5
2840, 1
2841, 7
2842, 9
2843, 3
2844, 9
2845, 8
2846, 4
2847, 4
2848, 5
2849, 5
2850, 3
2851, 6
2852, 10
2853, 2
2854, 6
2855, 4
2856, 10
2857, 10
2858, 5
2859, 9
2860, 9
2861, 9
2862, 3
2863, 0
2864, 9
2865, 5
2866, 10
2867, 9
2868, 6
2869, 5
2870, 4
2871, 10
2872, 4
2873, 2
2874, 3
2875, 3
2876, 8
2877, 9
2878, 3
2879, 4
2880, 2
2881, 3
2882, 6
2883, 6
2884, 4
2885, 9
2886, 4
2887, 1
2888, 10
2889, 3
2890, 3
2891, 5
2892, 5
2893, 2
2894, 5
2895, 2
2896, 9
2897, 7
2898, 9
2899, 5
2900, 9
2901, 7
2902, 8
2903, 3
2904, 2
2905, 9
2906, 4
2907, 5
2908, 0
2909, 5
2910, 9
2911, 5
2912, 3
2913, 5
2914, 9
2915, 10
2916, 10
2917, 3
2918, 5
2919, 4
2920, 3
2921, 3
2922, 5
2923, 1
2924, 3
2925, 8
2926, 9
2927, 1
2928, 4
2929, 4
2930, 6
2931, 6
2932, 10
2933, 4
2934, 9
2935, 5
2936, 6
2937, 5
2938, 4
2939, 8
2940, 1
2941, 4
2942, 2
2943, 3
2944, 5
2945, 3
2946, 9
2947, 3
2948, 4
2949, 1
2950, 7
2951, 3
2952, 3
2953, 6
2954, 3
2955, 3
2956, 2
2957, 10
2958, 3
2959, 1
2960, 4
2961, 4
2962, 9
2963, 9
2964, 1
2965, 6
2966, 3
2967, 4
2968, 1
2969, 2
2970, 10
2971, 4
2972, 9
2973, 4
2974, 5
2975, 5
2976, 8
2977, 4
2978, 10
2979, 5
2980, 5
2981, 4
2982, 2
2983, 5
2984, 7
2985, 1
2986, 3
2987, 3
2988, 7
2989, 9
2990, 3
2991, 5
2992, 5
2993, 7
2994, 9
2995, 1
2996, 3
2997, 2
2998, 9
2999, 5
3000, 2
3001, 4
3002, 1
3003, 5
3004, 5
3005, 4
3006, 10
3007, 1
3008, 3
3009, 4
3010, 9
3011, 3
3012, 6
3013, 9
3014, 6
3015, 1
3016, 3
3017, 3
3018, 9
3019, 5
3020, 6
3021, 4
3022, 5
3023, 1
3024, 9
3025, 4
3026, 6
3027, 2
3028, 10
3029, 6
3030, 3
3031, 6
3032, 9
3033, 5
3034, 3
3035, 10
3036, 1
3037, 0
3038, 10
3039, 4
3040, 0
3041, 9
3042, 10
3043, 1
3044, 1
3045, 3
3046, 4
3047, 1
3048, 5
3049, 0
3050, 1
3051, 3
3052, 2
3053, 10
3054, 6
3055, 1
3056, 2
3057, 9
3058, 3
3059, 10
3060, 5
3061, 0
3062, 7
3063, 9
3064, 4
3065, 1
3066, 7
3067, 4
3068, 3
3069, 5
3070, 3
3071, 2
3072, 3
3073, 6
3074, 9
3075, 4
3076, 4
3077, 3
3078, 3
3079, 5
3080, 3
3081, 10
3082, 5
3083, 1
3084, 9
3085, 3
3086, 5
3087, 2
3088, 6
3089, 3
3090, 9
3091, 4
3092, 9
3093, 5
3094, 7
3095, 4
3096, 4
3097, 5
3098, 6
3099, 4
3100, 3
3101, 9
3102, 5
3103, 4
3104, 1
3105, 4
3106, 3
3107, 9
3108, 3
3109, 9
3110, 9
3111, 9
3112, 4
3113, 2
3114, 9
3115, 9
3116, 1
3117, 5
3118, 6
3119, 6
3120, 6
3121, 5
3122, 2
3123, 4
3124, 3
3125, 3
3126, 2
3127, 5
3128, 1
3129, 2
3130, 7
3131, 5
3132, 4
3133, 7
3134, 5
3135, 9
3136, 6
3137, 5
3138, 1
3139, 2
3140, 5
3141, 6
3142, 9
3143, 3
3144, 10
3145, 8
3146, 1
3147, 10
3148, 2
3149, 0
3150, 5
3151, 6
3152, 3
3153, 2
3154, 9
3155, 9
3156, 4
3157, 4
3158, 4
3159, 9
3160, 3
3161, 1
3162, 8
3163, 10
3164, 4
3165, 4
3166, 9
3167, 1
3168, 2
3169, 3
3170, 3
3171, 9
3172, 4
3173, 3
3174, 6
3175, 6
3176, 10
3177, 4
3178, 3
3179, 3
3180, 6
3181, 10
3182, 9
3183, 8
3184, 1
3185, 1
3186, 9
3187, 8
3188, 5
3189, 6
3190, 6
3191, 3
3192, 9
3193, 4
3194, 2
3195, 4
3196, 10
3197, 8
3198, 2
3199, 1
3200, 10
3201, 3
3202, 10
3203, 9
3204, 7
3205, 10
3206, 10
3207, 6
3208, 2
3209, 5
3210, 1
3211, 1
3212, 9
3213, 2
3214, 3
3215, 9
3216, 1
3217, 2
3218, 9
3219, 6
3220, 9
3221, 9
3222, 3
3223, 5
3224, 1
3225, 4
3226, 1
3227, 5
3228, 9
3229, 6
3230, 0
3231, 4
3232, 10
3233, 2
3234, 1
3235, 5
3236, 3
3237, 7
3238, 3
3239, 6
3240, 9
3241, 10
3242, 6
3243, 3
3244, 3
3245, 6
3246, 10
3247, 1
3248, 9
3249, 7
3250, 10
3251, 5
3252, 1
3253, 8
3254, 5
3255, 7
3256, 4
3257, 4
3258, 5
3259, 3
3260, 9
3261, 5
3262, 3
3263, 6
3264, 4
3265, 10
3266, 9
3267, 8
3268, 4
3269, 6
3270, 5
3271, 4
3272, 9
3273, 10
3274, 4
3275, 4
3276, 5
3277, 0
3278, 4
3279, 9
3280, 6
3281, 10
3282, 9
3283, 3
3284, 9
3285, 3
3286, 7
3287, 3
3288, 4
3289, 1
3290, 7
3291, 9
3292, 5
3293, 2
3294, 10
3295, 3
3296, 10
3297, 10
3298, 9
3299, 7
3300, 3
3301, 9
3302, 1
3303, 0
3304, 10
3305, 2
3306, 1
3307, 3
3308, 8
3309, 2
3310, 1
3311, 2
3312, 9
3313, 3
3314, 5
3315, 4
3316, 3
3317, 9
3318, 3
3319, 3
3320, 1
3321, 4
3322, 8
3323, 3
3324, 5
3325, 2
3326, 5
3327, 5
3328, 10
3329, 3
3330, 3
3331, 9
3332, 3
3333, 10
3334, 4
3335, 5
3336, 9
3337, 10
3338, 1
3339, 5
3340, 7
3341, 4
3342, 2
3343, 8
3344, 6
3345, 3
3346, 9
